sample_ID,CHROM,POS,REF,ALT,type,seq,chr,start,end,strand,predicted_efficiency
rs2251964_chr1_158582556_158582576_-_TGTCATCCTAATTTGAATTC_candidate_612,chr1,158582552,G,A,ngRNA,CAAATGACATCTTGTGAAAG,chr1,158582467,158582487,+,21.695650100708008
rs2251964_chr1_158582556_158582576_-_TGTCATCCTAATTTGAATTC_candidate_612,chr1,158582552,G,A,sgRNA,TGTCATCCTAATTTGAATTC,chr1,158582556,158582576,-,21.695650100708008
rs2251964_chr1_158582556_158582576_-_TGTCATCCTAATTTGAATTC_candidate_612,chr1,158582552,G,A,RTT,GGGCCTGAGATAACCAGAA,chr1,158582540,158582559,+,21.695650100708008
rs2251964_chr1_158582556_158582576_-_TGTCATCCTAATTTGAATTC_candidate_612,chr1,158582552,G,A,PBS,TTCAAATTAGGATGA,chr1,158582559,158582574,+,21.695650100708008
